split,auc,ap,pos_mean_score,neg_mean_score,mrr,hits@1,hits@3,hits@5,hits@10
valid,0.9251076180772428,0.9344936364512287,2.586665153503418,-9.205260276794434,0.585676991365717,0.45138055222088835,0.6716686674669868,0.7617046818727491,0.843937575030012
test,0.9198247125981245,0.9321809500143909,2.5222482681274414,-9.156256675720215,0.5815611140701852,0.44417767106842737,0.673469387755102,0.7569027611044418,0.8379351740696278
